<?xml version="1.0" encoding="utf-8"?>
<run>
    <age_contact_matrix_file>contact_matrix_flanders_subpop.xml</age_contact_matrix_file>
    <behaviour_policy>NoBehaviour</behaviour_policy>
    <belief_policy>
        <name>NoBelief</name>
    </belief_policy>
    <contact_log_level>Transmissions</contact_log_level>
    <contact_output_file>true</contact_output_file>
    <disease_config_file>disease_measles.xml</disease_config_file>
    <geopop_file>geogen_default.xml</geopop_file>
    <global_information_policy>NoGlobalInformation</global_information_policy>
    <holidays_file>holidays_none.json</holidays_file>
    <immunity_profile>None</immunity_profile>
    <immunity_rate>0.8</immunity_rate>
    <local_information_policy>NoLocalInformation</local_information_policy>
    <num_days>50</num_days>
    <num_participants_survey>10</num_participants_survey>
    <num_threads>1</num_threads>
    <output_adopted>false</output_adopted>
    <output_cases>true</output_cases>
    <output_persons>false</output_persons>
    <output_prefix></output_prefix>
    <output_summary>false</output_summary>
    <population_file>pop_flanders600.csv</population_file>
    <rng_seed>1</rng_seed>
    <rng_type>mrg2</rng_type>
    <r0>11</r0>
    <seeding_age_max>99</seeding_age_max>
    <seeding_age_min>1</seeding_age_min>
    <seeding_rate>0.002</seeding_rate>
    <start_date>2017-01-01</start_date>
    <stride_log_level>info</stride_log_level>
    <track_index_case>false</track_index_case>
    <use_install_dirs>true</use_install_dirs>
    <vaccine_link_probability>0</vaccine_link_probability>
    <vaccine_profile>Random</vaccine_profile>
    <vaccine_rate>0.8</vaccine_rate>
</run>