<?xml version="1.0" encoding="utf-8"?>
<run>
    <rng_seed>1</rng_seed>
    <r0>11</r0>
    <seeding_rate>0.002</seeding_rate>
    <seeding_age_min>1</seeding_age_min>
    <seeding_age_max>99</seeding_age_max>
    <immunity_rate>0.8</immunity_rate>
    <immunity_profile>None</immunity_profile>
    <vaccine_profile>Random</vaccine_profile>
    <vaccine_rate>0.8</vaccine_rate>
    <vaccine_link_probability>0</vaccine_link_probability>
    <population_file>pop_flanders600.csv</population_file>
    <num_days>50</num_days>
    <output_prefix></output_prefix>
    <disease_config_file>disease_measles.xml</disease_config_file>
    <generate_person_file>1</generate_person_file>
    <num_participants_survey>10</num_participants_survey>
    <start_date>2017-01-01</start_date>
    <holidays_file>holidays_none.json</holidays_file>
    <age_contact_matrix_file>contact_matrix_flanders_subpop.xml</age_contact_matrix_file>
    <log_level>None</log_level>
    <local_information_policy>NoLocalInformation</local_information_policy>
    <global_information_policy>NoGlobalInformation</global_information_policy>
    <belief_policy>
    		<name>NoBelief</name>
    </belief_policy>
    <behaviour_policy>NoBehaviour</behaviour_policy>
    <rng_type>mrg3</rng_type>
</run>
